4603918, 2944694, 2392190, 1618171, 1697711, 1375702, 1443695, 1259813, 1252115, 1172575, 1169154, 1009219, 1580539, 873658, 985271, 806520, 903592, 989975, 780006, 620070, 782144, 593129, 617077, 565334, 601255, 589281, 511451, 557208, 610235, 476385, 460135, 519149, 439181, 524708, 505037, 406680, 403687, 376747, 434905, 445596, 378457, 363490, 361351, 383588, 326286, 411385, 587570, 658985, 492636, 339970, 
4475200, 1925640, 1893995, 1731922, 1780672, 1713533, 2353703, 2293834, 2034260, 1215766, 1214483, 1113134, 1062673, 915566, 926257, 997245, 1333794, 1602348, 1397083, 704743, 718426, 620498, 632900, 1005369, 754348, 611946, 702177, 544807, 782999, 471254, 525136, 498622, 462701, 611518, 453721, 492208, 412668, 395990, 458853, 455004, 501616, 361352, 422503, 333128, 415234, 594841, 580728, 662407, 444740, 321582, 
4482898, 2604725, 1757153, 1622019, 1456525, 1464222, 1323958, 1282905, 1216194, 1217904, 1092180, 1050699, 1078496, 932244, 938658, 874086, 1187970, 891619, 708592, 864678, 720137, 643163, 654709, 572175, 620071, 622636, 653854, 777868, 763328, 1026751, 723131, 450728, 448162, 480661, 425925, 529840, 481089, 419937, 425497, 438326, 431912, 425070, 354937, 434049, 409674, 435332, 352798, 534543, 366056, 381450, 
4159605, 2020147, 1893995, 1958569, 1466361, 1288036, 1382544, 1221753, 1287609, 1909390, 1060962, 1014350, 973724, 935238, 831322, 867244, 1042574, 839447, 737670, 745795, 667110, 606814, 629051, 531123, 630334, 559346, 627340, 518294, 726124, 871520, 664117, 447734, 445168, 536682, 461846, 479379, 436188, 371615, 365628, 395990, 345529, 372470, 406253, 332700, 352371, 393424, 304048, 372898, 396418, 339114, 
4064670, 1879456, 1931627, 1746889, 1679323, 1601066, 1511689, 1394090, 1432150, 1329945, 1290602, 1199944, 1215339, 1114417, 1220471, 1073364, 1089186, 1043857, 1083200, 881355, 954481, 893757, 828329, 1197378, 932672, 792408, 721847, 652143, 629906, 631190, 722703, 796684, 625630, 833889, 846717, 800533, 487932, 452437, 431056, 425497, 468688, 484938, 558064, 494347, 519149, 688492, 381023, 400267, 483228, 540531, 
4074933, 2018438, 1726790, 1633566, 1607052, 1423169, 1595078, 1333366, 1187542, 1212773, 1086192, 1093891, 1045140, 927967, 912145, 903593, 974152, 938659, 728262, 642308, 691913, 636321, 631617, 582438, 635893, 691913, 788559, 708163, 785138, 465694, 586287, 496911, 495201, 537537, 468688, 431484, 396418, 388292, 426353, 424214, 502043, 373325, 357503, 614511, 536682, 437043, 572603, 684216, 534972, 582867, 
4052269, 1781955, 1838403, 1802482, 1560440, 1450966, 1424025, 1551460, 1222608, 1222608, 1094318, 1072937, 1055403, 865533, 996389, 838592, 881355, 1165733, 857835, 700894, 735104, 644019, 625202, 607669, 630334, 644873, 766322, 697900, 553787, 557208, 471253, 460563, 499478, 464411, 545662, 516583, 558491, 431911, 461418, 407536, 634610, 706880, 740236, 616650, 573886, 634611, 518294, 534972, 440036, 341680, 
4199376, 2068043, 1820014, 1713961, 1444978, 1494585, 1645112, 1240997, 1164450, 1195668, 970304, 921981, 1108430, 906158, 904020, 945929, 1211490, 903593, 756914, 643163, 778295, 637176, 636749, 647439, 601254, 625202, 633327, 629907, 592274, 660696, 553787, 529840, 439609, 558919, 635893, 551221, 470826, 424214, 401549, 422931, 444313, 364773, 348095, 428918, 434904, 584149, 321153, 346812, 344674, 481517, 
4746321, 2259196, 2244228, 1615178, 1497150, 1377840, 1413334, 1316260, 1252543, 1080206, 1143924, 1078068, 3659700, 1367577, 1209352, 894185, 945501, 886488, 1341919, 741092, 692768, 597406, 611090, 588425, 658130, 593985, 1161885, 741946, 662407, 519149, 544379, 508886, 443030, 456714, 490498, 441747, 431484, 415661, 444313, 500760, 379312, 355792, 359213, 380168, 316450, 400693, 351516, 333127, 389148, 421648, 
6583868, 3010550, 2987031, 2547849, 2450776, 2266893, 2247649, 2101398, 1939325, 1269649, 1027607, 978001, 993396, 869382, 871947, 960041, 1546755, 1439847, 920270, 708163, 664545, 645729, 899317, 712440, 692769, 605959, 888625, 1050699, 818066, 602965, 509740, 932244, 792835, 984843, 826618, 865960, 702176, 757769, 707308, 760335, 735105, 608953, 750499, 610235, 549939, 564478, 544807, 667538, 624774, 609380, 
4445693, 2070181, 1938896, 1598499, 1424024, 1476196, 1373992, 1230306, 1105864, 1214484, 995107, 1042146, 966883, 832605, 980139, 829612, 915994, 948922, 748361, 750927, 746651, 593130, 654709, 1011357, 667966, 588854, 599972, 511452, 617077, 471254, 528556, 484938, 496056, 464839, 461419, 472109, 397701, 382733, 359214, 517011, 412668, 381450, 355792, 354081, 326285, 331417, 336121, 543952, 433622, 750072, 
6695480, 18502910, 3220519, 2705219, 2719330, 2171530, 1992352, 1961134, 4956289, 1658368, 20603452, 6249030, 1234154, 3674668, 1086193, 964317, 999383, 1045140, 947639, 968593, 4166020, 960895, 1078923, 842869, 888198, 2062056, 912573, 924547, 795829, 939087, 846718, 1486032, 635893, 998100, 606386, 736815, 579018, 735532, 609808, 545662, 557208, 509741, 498622, 543096, 528557, 528129, 685499, 951060, 598689, 3299204, 
5835079, 2197617, 2538868, 2352420, 1660506, 1527084, 1288036, 1404354, 1158890, 1204648, 1105009, 1311557, 1190109, 860401, 871092, 896323, 1001521, 921553, 799250, 633327, 660269, 690203, 658558, 596123, 644874, 673953, 671386, 703032, 1106291, 824052, 1006225, 494773, 694051, 530695, 426780, 478523, 3179039, 603821, 595695, 558491, 476813, 340397, 385727, 344674, 362635, 428490, 561057, 663262, 554215, 411385, 
3796116, 1952154, 1818731, 1596361, 1522808, 1495867, 1327807, 1459091, 1194385, 1145206, 1158890, 985698, 1057114, 904020, 936093, 865533, 1174285, 927541, 850994, 949777, 740664, 668821, 810796, 697045, 621353, 626058, 709446, 622209, 821914, 581156, 526846, 569183, 497767, 532834, 547373, 500761, 463556, 513589, 405398, 421221, 440892, 419510, 388293, 435760, 445596, 389148, 435760, 475102, 418227, 466978, 
7995918, 2486698, 2098832, 1899982, 1750738, 2325479, 1279056, 1310273, 1241852, 1226029, 1449683, 1827711, 1174713, 1323103, 1135371, 1055403, 1095601, 1893995, 1005370, 851849, 804382, 817210, 808657, 789842, 654709, 681223, 1116983, 1123397, 1321820, 1071653, 1086621, 910862, 969021, 995106, 813789, 938658, 626913, 480235, 469543, 508458, 582439, 398984, 437470, 456714, 478524, 706880, 626058, 644874, 710302, 394279, 
4455529, 2739429, 2198044, 2455052, 2798871, 2379361, 2316499, 2157418, 2035543, 1912384, 1950871, 1001521, 943790, 1348761, 893757, 801816, 826619, 722703, 654281, 658131, 784283, 762045, 676518, 776157, 1010929, 4476055, 865105, 570465, 1066521, 769315, 789842, 663690, 724841, 714578, 685498, 787276, 688920, 666683, 652998, 552077, 428062, 335694, 325003, 611518, 602538, 629478, 576025, 825336, 643590, 577308, 
4211777, 2084293, 2094128, 1899982, 1855508, 1736198, 1550177, 1713106, 1452676, 1565571, 1196095, 1190536, 1267938, 1511262, 1191391, 999811, 1150766, 1279057, 1318826, 888198, 883921, 903166, 760335, 800532, 649577, 756914, 774019, 645301, 807374, 1008363, 783000, 528129, 756486, 913856, 833461, 678229, 696617, 444740, 437471, 410530, 562340, 370759, 449017, 403687, 365628, 425069, 585433, 722703, 512307, 341680, 
3862399, 2299393, 2053504, 1884160, 1769125, 1589091, 1557446, 1444124, 1508269, 1237148, 1121259, 1070798, 1137937, 1073364, 917704, 928396, 1085766, 938232, 957902, 744940, 717144, 669677, 635038, 694052, 676091, 602966, 689775, 621782, 978001, 956192, 877935, 613656, 508030, 537109, 483227, 487076, 407109, 443457, 376319, 566189, 411812, 403260, 409674, 354937, 384872, 470826, 603393, 709874, 488359, 453721, 
4407634, 2439230, 2353703, 2832227, 1363300, 1388958, 1332938, 1351754, 1359879, 2038536, 2150576, 1102015, 1078067, 1257247, 945073, 947639, 924547, 853132, 1663073, 1178135, 1256392, 1126390, 1083627, 1255964, 1209352, 1053692, 1109713, 1051127, 966883, 900600, 834316, 768460, 777013, 763756, 779151, 905303, 694051, 652571, 512307, 569182, 490069, 311318, 372898, 511879, 549083, 504182, 601255, 541386, 553787, 453293, 
4063815, 2693245, 1789225, 1488170, 1474058, 1357314, 1318826, 1222609, 1123825, 1244418, 1164450, 949349, 993396, 897606, 921981, 900599, 1110568, 868526, 799250, 1255108, 787276, 583294, 596978, 573031, 671387, 622636, 601254, 506747, 615367, 459708, 484511, 481089, 416517, 534972, 799678, 602537, 390858, 430628, 391286, 419938, 393851, 453721, 375036, 352371, 317305, 427207, 536254, 615794, 425924, 312173, 
3775589, 1876463, 2044523, 1591229, 1452676, 1352182, 1344912, 1280767, 1204220, 1173431, 1143924, 985271, 1016061, 868099, 940369, 874514, 998528, 1122969, 756486, 837309, 782144, 752637, 728690, 572603, 578163, 580729, 930106, 958330, 1011785, 902737, 855270, 822770, 865105, 823625, 782144, 783000, 375036, 361779, 354082, 380595, 360923, 300628, 326286, 365200, 322437, 422503, 536254, 616222, 490925, 282666, 
3940229, 2232254, 3073841, 1740902, 1538203, 1506985, 1458663, 1383399, 1203365, 1291885, 1178990, 948066, 1016060, 1077640, 1091325, 970731, 1034877, 1080633, 798822, 859546, 861257, 679512, 1148200, 1210635, 1193102, 882211, 729545, 528557, 945501, 637176, 493919, 554643, 827901, 599544, 471253, 430201, 462701, 424641, 472109, 591419, 472109, 351089, 412240, 381450, 599117, 1081488, 673525, 823625, 557636, 517866, 
4139934, 3444172, 2078734, 2769792, 2698376, 1441985, 1707974, 2445644, 2081727, 1981233, 1467215, 1477479, 1539913, 1332083, 1036159, 943790, 969876, 5594748, 1349188, 855269, 882638, 727407, 713723, 744940, 837737, 787703, 995107, 1100305, 970732, 972442, 1088759, 717999, 763329, 864678, 901882, 846290, 808230, 866816, 750927, 632473, 487504, 394707, 454148, 384016, 607242, 744513, 622637, 724414, 476386, 425924, 
4383686, 2600021, 2007319, 1883304, 1734488, 2555119, 2633803, 2438802, 1984654, 1982516, 1671198, 1536492, 1494157, 1693007, 1355603, 1071226, 1049416, 907014, 621781, 929678, 1346623, 893329, 1043002, 777013, 638886, 457997, 771026, 738953, 740236, 5250074, 509314, 579873, 712868, 636320, 599972, 684216, 570892, 592702, 690630, 370332, 375463, 326713, 331845, 316878, 402405, 613656, 569183, 595268, 611518, 643591, 
6164358, 3428349, 3251309, 2705219, 2426401, 2236531, 2113372, 2002615, 1756297, 1722941, 1693006, 1397511, 1684026, 1641690, 1542480, 1241852, 1347477, 1392380, 1564289, 1030601, 1221326, 1025469, 868099, 1069515, 1021620, 906586, 880073, 880500, 991258, 784283, 520859, 439181, 403688, 399839, 387865, 3897892, 547800, 706880, 694479, 571320, 617078, 357075, 322009, 345957, 301910, 298916, 315594, 322009, 414806, 381878, 
4251975, 2103964, 2029128, 1672053, 1587809, 1511262, 1456525, 1234582, 1145634, 1169154, 992113, 954909, 1025468, 971587, 1052837, 856552, 952771, 888198, 821914, 703032, 698756, 696190, 631190, 587143, 644874, 557209, 677374, 499050, 592274, 508885, 487932, 494774, 499050, 457569, 647867, 734677, 446878, 507175, 406253, 634610, 501188, 380595, 369049, 462273, 356648, 410957, 350661, 564906, 372898, 324147, 
